{"cameraMode":{"drawMode":0,"name":"Shaded","section":"Shading Mode"},"sceneLighting":true,"audioPlay":false,"sceneViewState":{"showFog":true,"showMaterialUpdate":true,"showSkybox":true,"showFlares":true,"showImageEffects":true,"showParticleSystems":true},"in2DMode":false,"pivot":{"x":-0.4865483045578003,"y":0.6178159117698669,"z":-0.11788769066333771},"rotation":{"x":0.002141377190127969,"y":0.9917036294937134,"z":-0.12744390964508058,"w":0.01666322909295559},"size":22.0,"orthographic":false}